{"cameraMode":{"drawMode":0,"name":"Shaded","section":"Shading Mode"},"sceneLighting":true,"audioPlay":false,"sceneViewState":{"m_AlwaysRefresh":false,"showFog":true,"showSkybox":true,"showFlares":true,"showImageEffects":true,"showParticleSystems":true,"showVisualEffectGraphs":true,"m_FxEnabled":true},"in2DMode":false,"pivot":{"x":-2.168031692504883,"y":11.619897842407227,"z":-6.513663291931152},"rotation":{"x":-0.004279374144971371,"y":-0.9957019090652466,"z":0.06221108138561249,"w":-0.06851697713136673},"size":44.77424240112305,"orthographic":true}